batter,Runs,Balls,Innings,Fours,Sixes,Strike rate
V Kohli,8004,6065,244,706,273,131.97
S Dhawan,6769,5324,221,768,153,127.14
RG Sharma,6628,5054,251,599,281,131.14
DA Warner,6565,4697,184,663,236,139.77
SK Raina,5528,4043,200,506,203,136.73
MS Dhoni,5243,3812,228,363,252,137.54
AB de Villiers,5162,3403,170,413,251,151.69
CH Gayle,4965,3333,141,405,357,148.96
RV Uthappa,4952,3799,197,481,182,130.35
KD Karthik,4842,3577,233,466,161,135.36
KL Rahul,4683,3479,122,400,187,134.61
AM Rahane,4642,3761,171,479,103,123.42
F du Plessis,4571,3352,138,422,166,136.37
SV Samson,4419,3180,162,352,206,138.96
AT Rayudu,4348,3409,185,359,173,127.54
G Gambhir,4217,3404,151,492,59,123.88
SR Watson,3874,2809,141,376,190,137.91
MK Pandey,3850,3179,158,335,110,121.11
SA Yadav,3594,2473,135,385,130,145.33
JC Buttler,3582,2428,106,356,161,147.53
KA Pollard,3412,2316,168,218,223,147.32
RR Pant,3284,2205,110,297,154,148.93
Shubman Gill,3216,2370,99,310,95,135.7
YK Pathan,3204,2241,153,262,159,142.97
Q de Kock,3157,2352,107,316,123,134.23
SS Iyer,3127,2453,114,271,113,127.48
RA Jadeja,2959,2280,180,215,107,129.78
WP Saha,2934,2300,143,296,87,127.57
DA Miller,2924,2100,123,207,134,139.24
BB McCullum,2880,2186,109,293,130,131.75
PA Patel,2848,2358,136,365,49,120.78
GJ Maxwell,2771,1768,128,233,160,156.73
Yuvraj Singh,2750,2120,126,217,149,129.72
V Sehwag,2728,1755,104,334,106,155.44
MA Agarwal,2661,2000,121,263,98,133.05
Ishan Kishan,2644,1946,99,255,119,135.87
N Rana,2636,1952,101,234,132,135.04
M Vijay,2619,2150,105,247,91,121.81
HH Pandya,2525,1734,128,189,136,145.62
SPD Smith,2485,1940,93,225,60,128.09
AD Russell,2484,1420,104,170,209,174.93
SE Marsh,2477,1866,69,266,78,132.74
JH Kallis,2427,2222,95,255,44,109.23
DR Smith,2385,1764,88,245,117,135.2
RD Gaikwad,2380,1739,65,217,91,136.86
SR Tendulkar,2334,1948,78,296,29,119.82
RA Tripathi,2236,1605,93,223,84,139.31
R Dravid,2174,1882,82,269,28,115.52
KS Williamson,2128,1694,76,186,64,125.62
AJ Finch,2091,1631,90,214,78,128.2
AC Gilchrist,2069,1495,80,239,92,138.39
JP Duminy,2029,1636,75,126,79,124.02
MEK Hussey,1977,1612,58,198,52,122.64
PP Shaw,1892,1283,79,238,61,147.47
MP Stoinis,1866,1314,88,150,91,142.01
DPMD Jayawardene,1802,1462,78,200,39,123.26
N Pooran,1769,1090,72,113,127,162.29
Mandeep Singh,1706,1388,97,176,38,122.91
MK Tiwary,1695,1449,83,156,40,116.98
KC Sangakkara,1687,1392,68,195,27,121.19
AR Patel,1653,1263,112,107,79,130.88
KH Pandya,1647,1240,107,144,61,132.82
YBK Jaiswal,1607,1067,52,199,64,150.61
JM Bairstow,1589,1100,50,166,69,144.45
DJ Bravo,1560,1204,110,120,66,129.57
D Padikkal,1559,1266,64,170,42,123.14
NV Ojha,1554,1313,94,121,79,118.35
SP Narine,1534,925,106,164,97,165.84
S Dube,1502,1024,61,86,101,146.68
KK Nair,1496,1171,68,161,39,127.75
SS Tiwary,1494,1244,73,111,50,120.1
DJ Hooda,1465,1131,96,96,61,129.53
S Badrinath,1441,1212,65,154,28,118.89
EJG Morgan,1405,1146,74,112,64,122.6
BJ Hodge,1400,1118,63,122,43,125.22
Abhishek Sharma,1377,887,61,128,73,155.24
SC Ganguly,1349,1263,56,137,42,106.81
CA Lynn,1329,945,42,132,66,140.63
VR Iyer,1326,967,49,121,61,137.13
DJ Hussey,1322,1075,61,90,60,122.98
SO Hetmyer,1243,812,65,76,82,153.08
KM Jadhav,1208,981,81,102,40,123.14
R Parag,1173,868,58,84,60,135.14
MM Ali,1162,821,57,95,67,141.53
Tilak Varma,1156,790,38,90,58,146.33
TM Dilshan,1153,1007,50,140,24,114.5
IK Pathan,1139,946,82,87,37,120.4
V Shankar,1115,859,58,80,45,129.8
ML Hayden,1107,805,32,121,44,137.52
M Vohra,1083,829,51,104,43,130.64
LMP Simmons,1079,852,29,109,44,126.64
B Sai Sudharsan,1034,743,25,95,32,139.17
LRPL Taylor,1017,822,54,66,46,123.72
R Tewatia,1013,752,65,84,47,134.71
KP Pietersen,1001,743,36,91,40,134.72
MC Henriques,1000,788,54,87,28,126.9
AK Markram,995,767,42,73,35,129.73
H Klaasen,993,590,32,56,64,168.31
Y Venugopal Rao,985,836,52,77,37,117.82
A Symonds,974,750,36,74,41,129.87
JA Morkel,974,686,67,61,55,141.98
CL White,954,755,45,76,36,126.36
LS Livingstone,939,578,39,66,66,162.46
BA Stokes,935,698,43,81,32,133.95
DP Conway,924,654,22,100,30,141.28
RK Singh,893,623,40,67,46,143.34
HH Gibbs,886,807,36,83,31,109.79
SM Curran,883,647,48,74,37,136.48
STR Binny,880,683,66,66,35,128.84
Harbhajan Singh,833,604,88,79,42,137.91
R Ashwin,800,675,89,61,28,118.52
RM Patidar,799,503,24,51,54,158.85
MS Bisla,798,702,39,93,23,113.68
Shakib Al Hasan,793,637,52,73,21,124.49
TM Head,772,444,25,76,40,173.87
ST Jayasuriya,768,532,30,84,39,144.36
P Simran Singh,756,517,34,78,41,146.23
GC Smith,739,668,29,94,9,110.63
JM Sharma,730,483,36,53,45,151.14
AD Mathews,724,575,41,44,29,125.91
C Green,707,460,28,62,32,153.7
TL Suman,676,575,39,55,26,117.57
AM Nayar,672,577,50,55,20,116.46
MR Marsh,665,521,36,48,38,127.64
GJ Bailey,663,544,36,59,19,121.88
TH David,659,387,35,38,46,170.28
E Lewis,654,477,26,62,36,137.11
PD Salt,653,372,21,74,34,175.54
A Badoni,634,473,35,46,24,134.04
PP Chawla,624,563,86,56,20,110.83
CH Morris,618,398,49,41,35,155.28
JJ Roy,614,443,21,75,21,138.6
JD Ryder,604,458,29,69,19,131.88
SN Khan,585,448,36,63,14,130.58
Abdul Samad,577,395,39,37,36,146.08
HM Amla,577,407,16,60,21,141.77
M Shahrukh Khan,553,391,37,35,37,141.43
Rashid Khan,545,337,58,39,38,161.72
CJ Anderson,538,423,29,40,31,127.19
Shahbaz Ahmed,536,440,37,28,25,121.82
RS Bopara,531,453,22,39,16,117.22
MK Lomror,527,373,35,33,30,141.29
JP Faulkner,527,389,45,36,23,135.48
PJ Cummins,515,344,39,33,34,149.71
M Manhas,514,470,38,43,10,109.36
Gurkeerat Singh,511,422,32,55,11,121.09
OA Shah,506,389,22,34,23,130.08
PC Valthaty,505,418,23,61,20,120.81
SW Billings,503,388,27,40,20,129.64
RR Rossouw,473,308,22,45,25,153.57
DT Christian,460,398,41,23,19,115.58
SA Asnodkar,423,339,19,56,10,124.78
Shashank Singh,423,262,19,33,25,161.45
NLTC Perera,422,307,30,23,26,137.46
JR Hopes,417,306,19,49,11,136.27
J Botha,409,359,28,39,5,113.93
LR Shukla,405,350,33,33,16,115.71
T Stubbs,405,233,17,26,26,173.82
AL Menaria,401,356,23,24,18,112.64
MV Boucher,394,309,23,32,13,127.51
CA Pujara,390,391,22,50,4,99.74
Azhar Mahmood,388,303,21,39,13,128.05
A Mishra,381,419,55,31,5,90.93
KR Mayers,379,263,13,38,22,144.11
Washington Sundar,378,325,38,32,9,116.31
DB Ravi Teja,375,317,25,35,9,118.3
S Sohal,368,292,20,34,18,126.03
P Negi,365,289,35,27,16,126.3
Abishek Porel,360,236,16,37,15,152.54
R Powell,360,244,22,21,28,147.54
KV Sharma,351,294,39,20,17,119.39
DJ Mitchell,351,267,15,28,10,131.46
N Wadhera,350,250,16,32,18,140.0
Dhruv Jurel,347,229,22,29,16,151.53
R Bhatia,342,284,47,24,13,120.42
P Kumar,340,314,57,22,17,108.28
AP Tare,339,273,27,40,11,124.18
J Fraser-McGurk,330,141,9,32,28,234.04
JEC Franklin,327,301,16,25,9,108.64
RN ten Doeschate,326,235,21,26,15,138.72
Anuj Rawat,318,267,21,26,14,119.1
R Vinay Kumar,310,274,42,21,9,113.14
SN Thakur,307,221,35,27,13,138.91
B Kumar,306,326,65,30,3,93.87
Lalit Yadav,305,290,21,27,7,105.17
DB Das,304,261,22,23,16,116.48
Nithish Kumar Reddy,303,212,11,15,21,142.92
C de Grandhomme,303,225,21,18,18,134.67
LA Pomersbach,302,246,16,25,13,122.76
UBT Chand,300,300,20,32,9,100.0
DJG Sammy,295,241,20,15,18,122.41
SP Goswami,293,295,21,32,3,99.32
Rahmanullah Gurbaz,289,216,13,24,19,133.8
Y Nagar,285,259,20,20,9,110.04
GH Vihari,284,321,23,23,1,88.47
VVS Laxman,282,267,20,33,5,105.62
B Chipli,280,251,21,28,7,111.55
A Ashish Reddy,280,193,23,16,15,145.08
MJ Lumb,278,194,12,45,6,143.3
PBB Rajapaksa,277,191,13,22,15,145.03
PK Garg,273,241,19,16,9,113.28
MJ Guptill,270,196,13,24,15,137.76
R Sathish,270,231,24,22,6,116.88
JO Holder,259,211,27,13,18,122.75
M Kaif,259,250,22,22,6,103.6
HV Patel,249,203,37,16,15,122.66
K Gowtham,247,148,27,15,17,166.89
Atharva Taide,247,168,9,27,8,147.02
SM Katich,241,186,11,26,8,129.57
BCJ Cutting,238,141,17,15,19,168.79
MD Mishra,237,208,17,24,8,113.94
Harpreet Brar,233,190,24,19,9,122.63
A Manohar,231,174,15,21,10,132.76
WG Jacks,230,131,8,16,18,175.57
D Brevis,230,172,10,17,16,133.72
R Ravindra,222,138,10,22,12,160.87
K Goel,218,231,16,17,9,94.37
AA Jhunjhunwala,217,210,15,19,5,103.33
Mohammad Nabi,215,150,19,18,11,143.33
R Dhawan,210,187,22,18,7,112.3
UT Yadav,208,201,48,16,9,103.48
K Rabada,206,193,28,16,8,106.74
CA Ingram,205,180,15,22,5,113.89
PD Collingwood,203,156,7,9,13,130.13
KS Bharat,199,163,8,12,8,122.09
JC Archer,199,128,23,11,14,155.47
SK Warne,198,214,27,14,6,92.52
JD Unadkat,197,166,27,16,7,118.67
SP Fleming,196,165,10,27,3,118.79
AS Raut,194,167,16,13,7,116.17
BJ Rohrer,193,140,8,21,5,137.86
Salman Butt,193,161,7,30,2,119.88
YV Takawale,192,178,10,26,3,107.87
HC Brook,190,154,11,23,4,123.38
Ashutosh Sharma,189,113,9,10,15,167.26
Bipul Sharma,187,123,17,11,9,152.03
MS Wade,183,177,14,23,2,103.39
SD Hope,183,122,9,12,12,150.0
FY Fazal,183,173,11,22,1,105.78
Kuldeep Yadav,183,216,32,16,3,84.72
Sikandar Raza,182,136,9,12,8,133.82
CR Brathwaite,181,111,14,10,16,163.06
AC Voges,181,143,7,15,3,126.57
S Gopal,180,169,22,19,2,106.51
AB Agarkar,179,154,18,13,5,116.23
C Munro,177,141,11,19,8,125.53
MF Maharoof,177,123,14,12,9,143.9
Ramandeep Singh,170,102,13,8,13,166.67
DH Yagnik,170,137,17,23,2,124.09
CM Gautam,169,150,13,17,6,112.67
MN van Wyk,167,132,5,19,1,126.52
MG Johnson,167,164,28,10,7,101.83
DW Steyn,167,160,33,14,3,104.38
PA Reddy,164,160,10,15,2,102.5
A Raghuvanshi,163,105,7,16,8,155.24
N Jagadeesan,162,147,10,21,2,110.2
MN Samuels,161,172,14,9,7,93.6
R McLaren,159,171,13,14,1,92.98
RE van der Merwe,159,141,15,11,8,112.77
AD Hales,148,118,6,13,6,125.42
D Wiese,148,101,11,12,7,146.53
SM Pollock,147,111,8,12,8,132.43
S Vidyut,145,109,8,21,3,133.03
Sachin Baby,144,118,11,11,5,122.03
Naman Dhir,140,79,7,12,10,177.22
N Saini,140,141,10,16,0,99.29
Anmolpreet Singh,139,115,9,19,3,120.87
S Anirudha,136,113,12,9,7,120.35
SB Styris,131,133,10,10,3,98.5
W Jaffer,130,121,8,14,3,107.44
RD Chahar,129,124,22,13,5,104.03
Kamran Akmal,128,78,6,13,8,164.1
TK Curran,127,107,10,10,3,118.69
P Dogra,127,138,12,4,5,92.03
UT Khawaja,127,100,6,14,3,127.0
SS Prabhudessai,126,106,10,11,4,118.87
M Morkel,126,90,20,11,5,140.0
MC Juneja,125,128,7,11,1,97.66
BB Samantray,125,113,8,13,2,110.62
B Lee,124,97,19,8,8,127.84
MM Sharma,124,133,28,9,4,93.23
AB McDonald,123,100,9,9,4,123.0
Harpreet Singh,123,119,8,10,3,103.36
NK Patel,121,119,6,14,1,101.68
DL Vettori,121,113,16,11,2,107.08
AC Blizzard,120,90,7,21,2,133.33
TG Southee,120,107,19,8,4,112.15
Misbah-ul-Haq,117,81,8,10,6,144.44
RJ Harris,117,112,21,6,3,104.46
Z Khan,117,141,27,11,2,82.98
MW Short,117,92,6,15,4,127.17
KK Cooper,116,68,12,9,8,170.59
Aman Hakim Khan,115,104,10,8,6,110.58
DJM Short,115,99,7,11,5,116.16
R Shepherd,115,63,9,7,10,182.54
M Kartik,113,108,14,7,1,104.63
DJ Harris,111,101,4,11,5,109.9
Mohammed Siraj,109,119,20,10,4,91.6
SE Rutherford,106,104,9,3,8,101.92
LJ Wright,106,60,5,16,3,176.67
JDP Oram,106,108,11,6,5,98.15
MA Starc,105,109,16,11,0,96.33
DS Kulkarni,104,108,20,7,2,96.3
RJ Quiney,103,102,7,12,3,100.98
SD Chitnis,99,89,8,10,2,111.24
MS Gony,99,71,15,6,8,139.44
MJ Clarke,98,94,6,12,0,104.26
CJ Ferguson,98,117,8,9,0,83.76
PN Mankad,97,73,5,13,2,132.88
Arshad Khan,96,65,6,5,6,147.69
DJ Jacobs,92,98,7,10,4,93.88
JDS Neesham,92,93,10,6,2,98.92
PR Shah,92,91,9,9,2,101.1
S Rana,91,81,8,9,1,112.35
RT Ponting,91,128,9,5,2,71.09
AJ Tye,91,76,13,6,5,119.74
AD Nath,90,98,10,7,2,91.84
SL Malinga,88,99,20,6,5,88.89
Iqbal Abdulla,88,84,13,9,1,104.76
AP Majumdar,87,76,4,7,2,114.47
Ankit Sharma,87,67,10,7,4,129.85
MJ McClenaghan,85,70,20,5,7,121.43
TA Boult,83,78,22,5,3,106.41
RE Levi,83,73,6,10,4,113.7
NM Coulter-Nile,82,72,16,7,4,113.89
LA Carseldine,81,68,5,11,0,119.12
CJ Jordan,81,77,12,3,3,105.19
WPUJC Vaas,81,73,11,2,3,110.96
Shahid Afridi,81,46,9,7,6,176.09
DL Chahar,80,59,12,2,6,135.59
RV Patel,80,73,7,6,2,109.59
AD Mascarenhas,79,78,11,5,1,101.28
CR Woakes,78,77,12,7,2,101.3
JR Philippe,78,77,5,9,1,101.3
B Akhil,76,55,11,5,5,138.18
IR Jaggi,76,97,7,6,0,78.35
TR Birt,75,58,5,9,2,129.31
Mohammed Shami,74,79,23,6,2,93.67
M Klinger,73,77,4,9,0,94.81
RR Sarwan,73,75,4,6,1,97.33
PWH de Silva,72,73,14,7,1,98.63
MJ Santner,70,71,11,4,3,98.59
J Suchith,70,61,9,6,3,114.75
Vivrant Sharma,69,47,1,9,2,146.81
AA Bilakhia,69,85,7,5,0,81.18
LH Ferguson,68,46,7,6,2,147.83
JJ Bumrah,68,78,26,5,1,87.18
RR Powar,67,64,9,6,1,104.69
R Sharma,66,75,19,5,3,88.0
HR Shokeen,66,65,5,9,0,101.54
M Jansen,66,66,12,5,2,100.0
KA Jamieson,65,55,7,5,3,118.18
GD Phillips,65,55,8,3,6,118.18
WD Parnell,65,80,13,4,1,81.25
Mohammad Hafeez,64,83,8,7,2,77.11
Anirudh Singh,63,66,4,6,1,95.45
A Flintoff,62,53,3,5,2,116.98
SP Jackson,61,57,8,5,1,107.02
S Aravind,59,57,10,7,0,103.51
MG Bracewell,58,47,4,6,1,123.4
I Sharma,57,69,21,4,2,82.61
Vishnu Vinod,56,57,6,3,3,98.25
WA Mota,56,75,8,2,0,74.67
M Rawat,55,69,11,4,1,79.71
Sandeep Sharma,54,70,25,4,0,77.14
DJ Willey,53,62,5,7,0,85.48
A Chopra,53,71,6,7,0,74.65
Shoaib Malik,52,47,5,5,0,110.64
RP Singh,52,76,28,2,1,68.42
Swapnil Singh,51,45,9,3,3,113.33
Sameer Rizvi,51,43,5,4,2,118.6
Shivam Mavi,51,56,11,4,2,91.07
KB Arun Karthik,51,51,8,4,1,100.0
R Rampaul,51,50,7,3,2,102.0
OF Smith,51,44,6,1,5,115.91
RV Gomez,50,51,9,5,1,98.04
VR Aaron,50,72,12,2,2,69.44
AS Yadav,49,39,6,5,2,125.64
AG Paunikar,49,58,5,9,0,84.48
A Nortje,49,49,13,6,0,100.0
SB Bangar,49,58,7,1,3,84.48
T Kohler-Cadmore,48,54,3,7,1,88.89
M Markande,48,42,10,5,1,114.29
Yashpal Singh,47,66,4,5,0,71.21
D Pretorius,44,28,5,3,3,157.14
DR Sams,44,44,13,1,3,100.0
Sunny Singh,43,31,5,6,1,138.71
PVD Chameera,43,28,7,3,3,153.57
Azmatullah Omarzai,42,33,4,2,2,127.27
SK Trivedi,42,59,14,3,1,71.19
AB Barath,42,42,3,5,1,100.0
A Nehra,41,62,17,3,1,66.13
Avesh Khan,41,25,9,3,3,164.0
J Yadav,40,36,4,2,1,111.11
Rasikh Salam,40,40,6,5,0,100.0
LPC Silva,40,26,3,5,1,153.85
BR Dunk,40,35,3,7,0,114.29
Umar Gul,39,19,4,1,5,205.26
AUK Pathan,39,23,7,5,2,169.57
DJ Thornely,39,53,4,2,2,73.58
S Nadeem,39,87,20,2,0,44.83
MM Patel,39,41,12,5,0,95.12
YS Chahal,37,86,17,0,0,43.02
S Narwal,37,27,4,6,0,137.04
AN Ahmed,36,26,6,4,1,138.46
Sohail Tanvir,36,29,5,3,1,124.14
L Balaji,36,49,13,2,1,73.47
Joginder Sharma,36,30,5,1,2,120.0
KW Richardson,36,39,4,2,1,92.31
Anureet Singh,36,47,8,2,1,76.6
B Sumanth,35,37,4,3,0,94.59
A Kumble,35,47,15,3,0,74.47
M Ashwin,35,50,12,2,1,70.0
L Ronchi,34,34,5,6,1,100.0
S Sreesanth,34,55,12,6,0,61.82
AP Dole,34,22,2,3,1,154.55
A Mithun,34,26,6,4,1,130.77
D Salunkhe,33,24,3,5,0,137.5
Navdeep Saini,33,37,7,3,0,89.19
SB Dubey,33,19,3,3,2,173.68
Imran Tahir,33,37,8,5,0,89.19
RJ Peterson,32,30,5,3,1,106.67
AT Carey,32,29,3,0,1,110.34
Basil Thampi,32,35,7,1,1,91.43
Ravi Bishnoi,32,50,14,2,0,64.0
S Sriram,31,36,2,3,0,86.11
T Taibu,31,26,3,3,0,119.23
NS Naik,31,50,4,2,0,62.0
Arshdeep Singh,29,40,11,4,0,72.5
J Syed Mohammad,29,26,5,4,0,111.54
VH Zol,29,26,2,3,1,111.54
SB Jakati,28,29,5,3,0,96.55
AS Joseph,27,32,5,3,0,84.38
PJ Sangwan,26,44,14,1,0,59.09
NL McCullum,26,22,2,0,1,118.18
AS Roy,26,24,6,3,0,108.33
AS Rajpoot,26,41,7,2,1,63.41
AB Dinda,26,48,16,2,0,54.17
MD Shanaka,26,26,3,2,1,100.0
TL Seifert,26,23,3,4,0,113.04
DJ Malan,26,26,1,1,1,100.0
JM Kemp,26,24,2,1,1,108.33
CV Varun,25,46,10,2,0,54.35
A Choudhary,25,20,3,1,1,125.0
Sanvir Singh,25,21,5,2,1,119.05
S Chanderpaul,25,31,3,4,0,80.65
Mohsin Khan,25,24,5,2,1,104.17
MA Khote,24,22,3,2,1,109.09
KC Cariappa,24,21,5,0,2,114.29
AJ Turner,24,28,6,0,2,85.71
Tanush Kotian,24,31,1,3,0,77.42
ER Dwivedi,24,14,2,2,2,171.43
Umran Malik,23,16,5,1,2,143.75
AF Milne,23,29,6,0,1,79.31
SW Tait,23,26,5,1,1,88.46
BMAJ Mendis,23,27,3,0,0,85.19
P Dubey,23,33,2,2,0,69.7
J Arunkumar,23,23,3,5,0,100.0
HE van der Dussen,22,24,3,2,0,91.67
GB Hogg,22,22,4,1,0,100.0
SA Abbott,22,18,3,1,2,122.22
AU Rashid,22,16,2,2,1,137.5
Yudhvir Singh,22,16,4,1,2,137.5
KL Nagarkoti,22,33,7,1,0,66.67
B Indrajith,21,30,3,2,0,70.0
TU Deshpande,21,14,4,2,1,150.0
DE Bollinger,21,23,4,1,1,91.3
RR Raje,20,18,5,1,1,111.11
NJ Maddinson,20,21,3,4,0,95.24
S Kaul,20,36,9,1,0,55.56
M Muralitharan,20,30,9,1,0,66.67
AC Thomas,20,19,4,1,1,105.26
C Sakariya,20,31,7,3,0,64.52
Akash Deep,19,12,3,2,1,158.33
Gulbadin Naib,19,15,1,1,1,126.67
NT Ellis,19,25,5,0,1,76.0
JR Hazlewood,19,28,6,1,0,67.86
A Mukund,19,22,2,1,0,86.36
R Bishnoi,19,17,3,1,2,111.76
P Sahu,19,13,2,1,1,146.15
Y Gnaneswara Rao,19,17,1,3,0,111.76
R Shukla,19,23,4,2,0,82.61
DR Martyn,19,24,1,1,0,79.17
P Ray Barman,19,24,1,2,0,79.17
DS Lehmann,18,18,2,3,0,100.0
T Banton,18,20,2,1,1,90.0
Sumit Kumar,18,24,3,2,1,75.0
Saurav Chauhan,18,15,3,1,1,120.0
Naveen-ul-Haq,18,25,4,2,0,72.0
PV Tambe,18,39,6,1,0,46.15
JJ van der Wath,18,16,3,1,1,112.5
KMA Paul,18,24,5,1,1,75.0
BJ Haddin,18,11,1,2,1,163.64
Harmeet Singh,18,12,4,3,0,150.0
JA Richardson,17,26,3,2,0,65.38
Parvez Rasool,17,20,4,1,0,85.0
KS Sharma,16,25,3,1,0,64.0
YV Dhull,16,23,3,1,0,69.57
AJ Hosein,16,10,1,1,1,160.0
CK Kapugedera,16,23,3,0,0,69.57
PP Ojha,16,45,19,0,0,35.56
C Madan,15,19,1,3,0,78.95
JL Pattinson,15,13,2,2,0,115.38
I Udana,15,11,4,1,1,136.36
SD Lad,15,13,1,1,1,115.38
GR Napier,15,16,1,1,0,93.75
Virat Singh,15,26,2,1,0,57.69
VY Mahesh,15,27,5,0,0,55.56
A Zampa,15,24,5,1,0,62.5
F Behardien,14,13,3,2,0,107.69
FA Allen,14,19,3,1,0,73.68
Vijaykumar Vyshak,14,12,4,0,1,116.67
G Coetzee,14,22,5,0,1,63.64
MDKJ Perera,14,13,2,3,0,107.69
R Sai Kishore,13,6,1,0,2,216.67
DR Shorey,13,17,2,0,1,76.47
Kartik Tyagi,13,16,6,1,0,81.25
S Badree,13,23,5,0,0,56.52
Mustafizur Rahman,13,23,6,0,1,56.52
KJ Abbott,13,8,3,0,1,162.5
DT Patil,13,13,2,1,0,100.0
Noor Ahmad,13,18,5,2,0,72.22
Arjun Tendulkar,13,9,1,0,1,144.44
T Thushara,12,18,4,0,0,66.67
AA Chavan,12,11,3,2,0,109.09
AR Bawne,12,12,1,1,0,100.0
MA Wood,12,8,3,1,1,150.0
Karanveer Singh,12,17,4,1,0,70.59
DG Nalkande,12,12,2,0,1,100.0
K Upadhyay,12,9,2,0,1,133.33
Mujeeb Ur Rahman,12,15,6,2,0,80.0
DAJ Bracewell,12,9,1,1,0,133.33
M Ntini,11,18,2,2,0,61.11
T Henderson,11,16,2,0,1,68.75
RA Bawa,11,14,2,1,0,78.57
DNT Zoysa,11,9,2,1,0,122.22
T Kohli,11,19,3,0,1,57.89
TD Paine,10,26,2,0,0,38.46
X Thalaivan Sargunam,10,17,1,0,0,58.82
KAJ Roach,10,9,1,1,0,111.11
SMSM Senanayake,10,17,4,0,0,58.82
J Theron,10,12,4,1,0,83.33
BB Sran,10,14,7,0,0,71.43
D du Preez,10,13,1,0,0,76.92
AG Murtaza,10,14,3,1,0,71.43
Mukesh Kumar,10,18,5,0,0,55.56
RK Bhui,10,26,4,0,0,38.46
JE Root,10,15,1,1,0,66.67
SM Harwood,9,14,2,0,0,64.29
AA Kulkarni,9,8,2,2,0,112.5
AA Noffke,9,10,1,1,0,90.0
M Prasidh Krishna,9,24,7,0,0,37.5
K Kartikeya,9,12,2,1,0,75.0
L Wood,9,3,1,0,1,300.0
VG Arora,9,16,7,0,0,56.25
Jaskaran Singh,8,11,4,0,0,72.73
D Ferreira,8,11,2,0,0,72.73
CK Langeveldt,8,9,2,0,1,88.89
CJ McKay,8,15,1,0,0,53.33
P Chopra,8,6,1,2,0,133.33
OC McCoy,8,5,1,0,1,160.0
JPR Scantlebury-Searles,8,6,2,0,1,133.33
TS Mills,8,14,5,0,1,57.14
TM Srivastava,8,11,3,0,0,72.73
VS Malik,7,7,2,1,0,100.0
AN Ghosh,7,8,2,1,0,87.5
I Malhotra,7,4,1,1,0,175.0
Pankaj Singh,7,12,5,0,0,58.33
IS Sodhi,7,17,2,0,0,41.18
Ankit Soni,7,9,3,0,1,77.78
V Viyaskanth,7,5,1,0,0,140.0
Simarjeet Singh,7,8,3,0,0,87.5
M Theekshana,7,7,2,0,1,100.0
UA Birla,7,14,1,1,0,50.0
JP Behrendorff,6,9,2,0,0,66.67
SH Johnson,6,7,3,1,0,85.71
Mukesh Choudhary,6,6,2,1,0,100.0
SB Joshi,6,14,2,0,0,42.86
DM Bravo,6,5,1,1,0,120.0
PSP Handscomb,6,12,1,0,0,50.0
BA Bhatt,6,7,2,0,1,85.71
SS Shaikh,6,7,1,1,0,85.71
KMDN Kulasekara,5,3,1,1,0,166.67
Arshad Khan (2),5,4,1,1,0,125.0
SJ Srivastava,5,5,4,0,0,100.0
B Stanlake,5,2,1,1,0,250.0
B Laughlin,5,13,4,0,0,38.46
P Awana,5,14,5,0,0,35.71
Shivam Sharma,5,3,2,1,0,166.67
A Uniyal,4,7,2,0,0,57.14
A Tomar,4,8,1,1,0,50.0
DP Nannes,4,13,2,0,0,30.77
VRV Singh,4,3,2,1,0,133.33
A Chandila,4,7,2,0,0,57.14
Akash Madhwal,4,5,1,0,0,80.0
FH Edwards,4,5,2,0,0,80.0
Liton Das,4,4,1,1,0,100.0
CRD Fernando,4,3,2,0,0,133.33
GD McGrath,4,5,2,1,0,80.0
RS Sodhi,4,2,1,1,0,200.0
A Dananjaya,4,5,1,0,0,80.0
JE Taylor,3,3,2,0,0,100.0
R Ninan,3,6,1,0,0,50.0
RJW Topley,3,6,1,0,0,50.0
T Natarajan,3,5,2,0,0,60.0
Younis Khan,3,7,1,0,0,42.86
Kamran Khan,3,5,1,0,0,60.0
Kumar Kushagra,3,7,3,0,0,42.86
BAW Mendis,3,6,3,0,0,50.0
Mohammad Asif,3,6,2,0,0,50.0
GC Viljoen,3,7,3,0,0,42.86
Fazalhaq Farooqi,3,13,2,0,0,23.08
S Tyagi,3,4,1,0,0,75.0
D Kalyankrishna,3,8,1,0,0,37.5
Mashrafe Mortaza,2,2,1,0,0,100.0
RG More,2,2,1,0,0,100.0
RJ Gleeson,2,2,1,0,0,100.0
A Singh,2,10,5,0,0,20.0
KP Appanna,2,4,3,0,0,50.0
Harshit Rana,2,3,3,0,0,66.67
GHS Garton,2,4,2,0,0,50.0
S Randiv,2,4,1,0,0,50.0
VS Yeligati,2,2,1,0,0,100.0
A Kamboj,2,2,1,0,0,100.0
T Shamsi,2,4,1,0,0,50.0
Shoaib Akhtar,2,7,1,0,0,28.57
Shivam Singh,2,3,1,0,0,66.67
BR Sharath,2,5,1,0,0,40.0
Mohammad Ashraful,2,10,1,0,0,20.0
SB Wagh,2,3,2,0,0,66.67
H Das,2,5,1,0,0,40.0
RS Gavaskar,2,8,1,0,0,25.0
DP Vijaykumar,1,1,1,0,0,100.0
LB Williams,1,2,1,0,0,50.0
Shoaib Ahmed,1,6,3,0,0,16.67
LE Plunkett,1,3,2,0,0,33.33
M de Lange,1,2,1,0,0,50.0
HF Gurney,1,5,1,0,0,20.0
PM Sarvesh Kumar,1,2,1,0,0,50.0
NJ Rimmington,1,1,1,0,0,100.0
MJ Suthar,1,2,1,0,0,50.0
DJ Muthuswami,1,3,1,0,0,33.33
SE Bond,1,2,1,0,0,50.0
BE Hendricks,1,3,2,0,0,33.33
P Parameswaran,1,2,2,0,0,50.0
KK Ahmed,1,7,5,0,0,14.29
KA Maharaj,1,2,1,0,0,50.0
Abdul Basith,1,1,1,0,0,100.0
SZ Mulani,1,1,1,0,0,100.0
Mohit Rathee,1,2,1,0,0,50.0
U Kaul,0,1,1,0,0,0.0
Y Prithvi Raj,0,1,1,0,0,0.0
YA Abdulla,0,1,1,0,0,0.0
R Sanjay Yadav,0,2,1,0,0,0.0
RP Meredith,0,3,2,0,0,0.0
S Ladda,0,9,2,0,0,0.0
RR Bhatkal,0,2,1,0,0,0.0
Mayank Dagar,0,1,1,0,0,0.0
JL Denly,0,1,1,0,0,0.0
IC Pandey,0,2,1,0,0,0.0
S Lamichhane,0,1,1,0,0,0.0
ND Doshi,0,13,1,0,0,0.0
S Kaushik,0,1,1,0,0,0.0
C Nanda,0,1,1,0,0,0.0
Abdur Razzak,0,2,1,0,0,0.0
Yash Dayal,0,1,1,0,0,0.0
K Yadav,0,4,1,0,0,0.0
SS Cottrell,0,2,1,0,0,0.0
KR Sen,0,3,1,0,0,0.0
L Ablish,0,2,1,0,0,0.0
KM Asif,0,2,1,0,0,0.0
Sunny Gupta,0,1,1,0,0,0.0
V Pratap Singh,0,1,1,0,0,0.0
