bowler,Wickets,Balls,Conceded,Matches,Economy
YS Chahal,205,3521,4602,159,7.84
PP Chawla,192,3850,5108,191,7.96
DJ Bravo,183,3120,4360,158,8.38
B Kumar,181,3910,4929,176,7.56
SP Narine,180,4075,4571,175,6.73
R Ashwin,180,4524,5369,208,7.12
A Mishra,174,3371,4145,162,7.38
SL Malinga,170,2828,3364,122,7.14
JJ Bumrah,165,3053,3715,133,7.3
RA Jadeja,160,3829,4864,211,7.62
Harbhajan Singh,150,3416,4030,160,7.08
Rashid Khan,149,2859,3252,121,6.82
UT Yadav,144,3051,4316,147,8.49
Sandeep Sharma,137,2822,3709,126,7.89
HV Patel,135,2162,3148,103,8.74
MM Sharma,132,2253,3256,111,8.67
Mohammed Shami,127,2427,3411,110,8.43
AR Patel,123,3099,3758,148,7.28
TA Boult,121,2337,3230,103,8.29
K Rabada,117,1820,2568,80,8.47
AD Russell,115,1697,2646,112,9.36
A Nehra,106,1908,2495,88,7.85
R Vinay Kumar,105,2121,2966,104,8.39
Z Khan,102,2200,2782,99,7.59
JD Unadkat,99,2131,3189,104,8.98
DW Steyn,97,2176,2508,95,6.92
CH Morris,95,1720,2295,81,8.01
SN Thakur,94,1866,2869,92,9.23
Mohammed Siraj,93,1958,2822,93,8.65
SR Watson,92,2029,2682,105,7.93
I Sharma,92,2309,3172,110,8.24
P Kumar,90,2524,3251,119,7.73
RP Singh,90,1775,2338,82,7.9
PP Ojha,89,1899,2332,90,7.37
Kuldeep Yadav,87,1746,2388,82,8.21
DS Kulkarni,86,1787,2474,92,8.31
JA Morkel,85,1723,2359,87,8.21
CV Varun,83,1590,2000,70,7.55
Imran Tahir,82,1316,1703,59,7.76
IK Pathan,80,2043,2649,101,7.78
M Morkel,77,1629,2089,70,7.69
DL Chahar,77,1669,2221,81,7.98
KH Pandya,76,2122,2606,117,7.37
L Balaji,76,1512,2028,73,8.05
KV Sharma,76,1495,2087,82,8.38
Arshdeep Singh,76,1364,2052,65,9.03
RD Chahar,75,1664,2141,77,7.72
MM Patel,74,1355,1698,63,7.52
KK Ahmed,74,1276,1881,57,8.84
Avesh Khan,74,1335,1974,62,8.87
R Bhatia,71,1636,2020,91,7.41
MJ McClenaghan,71,1274,1803,56,8.49
AB Dinda,69,1516,2073,75,8.2
KA Pollard,69,1488,2180,107,8.79
T Natarajan,67,1337,1969,61,8.84
SK Trivedi,65,1506,1904,75,7.59
JH Kallis,65,1742,2293,89,7.9
HH Pandya,64,1418,2150,93,9.1
M Muralitharan,63,1524,1696,66,6.68
Shakib Al Hasan,63,1484,1839,70,7.44
Ravi Bishnoi,63,1411,1836,65,7.81
PJ Cummins,63,1319,1923,58,8.75
Mustafizur Rahman,61,1299,1761,57,8.13
MG Johnson,61,1232,1702,54,8.29
A Nortje,60,1054,1574,46,8.96
JP Faulkner,59,1227,1778,60,8.69
S Kaul,58,1209,1739,55,8.63
SM Curran,58,1181,1900,58,9.65
SK Warne,57,1194,1447,54,7.27
JO Holder,53,995,1461,46,8.81
S Gopal,52,991,1349,51,8.17
MA Starc,51,831,1137,39,8.21
M Prasidh Krishna,49,1146,1702,51,8.91
JC Archer,48,947,1169,40,7.41
S Nadeem,48,1415,1784,70,7.56
NM Coulter-Nile,48,857,1100,38,7.7
SB Jakati,47,1085,1451,57,8.02
TG Southee,47,1206,1742,54,8.67
LH Ferguson,46,955,1426,45,8.96
A Kumble,45,965,1058,42,6.58
RJ Harris,45,832,1047,37,7.55
S Aravind,45,760,1039,38,8.2
VR Aaron,44,994,1481,50,8.94
MP Stoinis,43,803,1274,62,9.52
YK Pathan,42,1147,1415,82,7.4
MC Henriques,42,950,1289,60,8.14
AJ Tye,42,685,978,30,8.57
TU Deshpande,42,774,1242,36,9.63
R Sharma,40,928,1086,44,7.02
Iqbal Abdulla,40,920,1109,48,7.23
S Sreesanth,40,880,1194,44,8.14
P Awana,39,747,1029,33,8.27
DT Christian,38,883,1192,49,8.1
PJ Sangwan,38,856,1240,42,8.69
DE Bollinger,37,576,693,27,7.22
Washington Sundar,37,1054,1325,58,7.54
GJ Maxwell,37,944,1303,79,8.28
MR Marsh,37,560,795,34,8.52
MS Gony,37,888,1287,44,8.7
M Markande,37,720,1069,37,8.91
Yuvraj Singh,36,869,1077,73,7.44
MM Ali,35,758,893,52,7.07
WD Parnell,35,723,937,33,7.78
M Ashwin,35,870,1162,44,8.01
JR Hazlewood,35,603,810,27,8.06
PWH de Silva,35,552,748,26,8.13
P Negi,34,716,939,42,7.87
M Pathirana,34,451,592,20,7.88
KK Cooper,33,576,757,25,7.89
R Tewatia,32,843,1111,52,7.91
M Kartik,31,1149,1388,55,7.25
NLTC Perera,31,698,1016,36,8.73
Shivam Mavi,30,649,942,32,8.71
CR Woakes,30,440,658,21,8.97
CJ Jordan,30,668,1070,34,9.61
Azhar Mahmood,29,537,700,23,7.82
A Zampa,29,419,558,20,7.99
AB Agarkar,29,782,1151,42,8.83
Umran Malik,29,494,771,26,9.36
DL Vettori,28,777,879,34,6.79
DP Nannes,28,646,785,29,7.29
PV Tambe,28,660,853,33,7.75
A Singh,28,473,620,23,7.86
BA Stokes,28,689,992,38,8.64
Yash Dayal,28,578,919,28,9.54
MF Maharoof,27,420,520,20,7.43
Harmeet Singh,27,549,731,28,7.99
AD Mathews,27,791,1079,44,8.18
Mohsin Khan,27,486,689,23,8.51
DR Smith,26,539,810,46,9.02
J Botha,25,694,800,34,6.92
SK Raina,25,908,1118,69,7.39
B Lee,25,875,1095,38,7.51
M Theekshana,25,624,797,27,7.66
Harpreet Brar,25,679,895,39,7.91
R Dhawan,25,662,891,36,8.08
L Ngidi,25,324,448,14,8.3
Harshit Rana,25,385,581,19,9.05
Naveen-ul-Haq,25,388,590,17,9.12
Noor Ahmad,24,492,659,23,8.04
AS Rajpoot,24,530,813,29,9.2
Yash Thakur,24,404,691,19,10.26
Mukesh Kumar,24,399,694,20,10.44
JP Duminy,23,678,834,49,7.38
GB Hogg,23,458,570,21,7.47
SW Tait,23,473,640,21,8.12
Navdeep Saini,23,646,940,31,8.73
Sohail Tanvir,22,247,266,11,6.46
STR Binny,22,594,758,63,7.66
BW Hilfenhaus,22,372,479,17,7.73
Basil Thampi,22,521,846,25,9.74
RE van der Merwe,21,443,498,21,6.74
K Gowtham,21,588,808,35,8.24
VY Mahesh,21,339,499,17,8.83
Shahbaz Ahmed,21,537,837,42,9.35
AS Joseph,21,434,691,22,9.55
A Symonds,20,527,674,30,7.67
C Sakariya,20,426,599,19,8.44
M Jansen,20,451,714,21,9.5
AD Mascarenhas,19,308,356,13,6.94
Mujeeb Ur Rahman,19,434,592,19,8.18
KW Richardson,19,335,472,15,8.45
J Suchith,19,420,602,21,8.6
JP Behrendorff,19,366,552,17,9.05
VG Arora,19,384,585,20,9.14
RP Meredith,19,388,612,18,9.46
Akash Madhwal,19,262,424,13,9.71
WPUJC Vaas,18,282,355,13,7.55
IC Pandey,18,462,591,24,7.68
CH Gayle,18,554,729,38,7.9
NT Ellis,18,354,508,16,8.61
A Ashish Reddy,18,262,396,20,9.07
Anureet Singh,18,412,623,22,9.07
BB Sran,18,483,757,24,9.4
CRD Fernando,17,234,298,10,7.64
BJ Hodge,17,234,303,20,7.77
Bipul Sharma,17,426,572,28,8.06
D Wiese,16,296,440,15,8.92
C Green,16,439,664,29,9.08
Mukesh Choudhary,16,279,451,14,9.7
MJ Santner,15,366,422,18,6.92
Mohammad Nabi,15,417,517,23,7.44
RG Sharma,15,339,453,32,8.02
LR Shukla,15,314,447,27,8.54
YA Abdulla,15,209,307,11,8.81
Kartik Tyagi,15,422,713,20,10.14
R Rampaul,14,262,298,12,6.82
AC Thomas,14,315,406,15,7.73
DR Sams,14,360,523,16,8.72
JR Hopes,14,360,548,20,9.13
SJ Srivastava,14,282,441,14,9.38
KR Sen,14,241,387,12,9.63
CK Langeveldt,13,156,187,7,7.19
RR Powar,13,426,527,26,7.42
ST Jayasuriya,13,294,390,21,7.96
R Sai Kishore,13,186,258,10,8.32
S Lamichhane,13,210,292,9,8.34
CR Brathwaite,13,254,379,16,8.95
G Coetzee,13,201,341,10,10.18
Vijaykumar Vyshak,13,231,395,11,10.26
TK Curran,13,238,430,13,10.84
GD McGrath,12,324,357,14,6.61
Ankit Sharma,12,367,450,21,7.36
BA Bhatt,12,296,397,15,8.05
Umar Gul,12,135,184,6,8.18
AN Ahmed,12,344,498,17,8.69
VRV Singh,12,360,542,18,9.03
R McLaren,12,354,542,18,9.19
Karanveer Singh,12,204,321,9,9.44
Joginder Sharma,12,256,419,15,9.82
A Chandila,11,234,242,12,6.21
SM Pollock,11,276,301,13,6.54
S Badree,11,258,319,12,7.42
AB McDonald,11,186,261,10,8.42
RS Bopara,11,206,292,14,8.5
Abhishek Sharma,11,270,389,26,8.64
DJG Sammy,11,236,350,19,8.9
J Little,11,228,339,11,8.92
MA Wood,11,120,179,5,8.95
JL Pattinson,11,213,320,10,9.01
LS Livingstone,11,258,393,22,9.14
OC McCoy,11,162,249,8,9.22
Pankaj Singh,11,300,468,17,9.36
TS Mills,11,209,343,10,9.85
CJ Anderson,11,297,518,22,10.46
SC Ganguly,10,276,363,20,7.89
N Rana,10,180,252,24,8.4
K Kartikeya,10,234,329,12,8.44
DJ Hooda,10,373,531,33,8.54
Suyash Sharma,10,258,372,13,8.65
V Pratap Singh,10,204,296,9,8.71
Lalit Yadav,10,288,425,19,8.85
BCJ Cutting,10,281,429,17,9.16
B Laughlin,10,168,282,9,10.07
SMSM Senanayake,9,192,209,8,6.53
IS Sodhi,9,181,202,8,6.7
AG Murtaza,9,264,313,12,7.11
SE Bond,9,186,224,8,7.23
Shahid Afridi,9,180,225,10,7.5
KP Appanna,9,216,286,13,7.94
MN Samuels,9,214,284,11,7.96
J Theron,9,216,293,10,8.14
Kamran Khan,9,160,224,9,8.4
AM Nayar,9,229,322,19,8.44
Simarjeet Singh,9,180,259,10,8.63
V Shankar,9,238,344,22,8.67
KMA Paul,9,163,237,8,8.72
P Parameswaran,9,154,224,8,8.73
JEC Franklin,9,151,220,15,8.74
JDP Oram,9,237,349,14,8.84
PVD Chameera,9,282,432,13,9.19
BE Hendricks,9,150,235,7,9.4
KA Jamieson,9,168,269,9,9.61
Rasikh Salam,9,195,339,11,10.43
J Yadav,8,390,445,20,6.85
BAW Mendis,8,240,285,10,7.12
T Thushara,8,135,161,6,7.16
SB Styris,8,216,276,11,7.67
JD Ryder,8,236,303,16,7.7
AA Chavan,8,248,326,13,7.89
Anand Rajan,8,149,201,8,8.09
J Syed Mohammad,8,192,283,11,8.84
DJ Hussey,8,317,474,26,8.97
S Sandeep Warrier,8,168,253,10,9.04
Mohammad Asif,8,192,296,8,9.25
JDS Neesham,8,216,334,13,9.28
KC Cariappa,8,216,348,11,9.67
I Udana,8,174,282,10,9.72
N Thushara,8,156,257,7,9.88
M Ntini,7,210,242,9,6.91
MP Yadav,7,73,85,4,6.99
KP Pietersen,7,174,215,13,7.41
AM Salvi,7,150,200,7,8.0
PC Valthaty,7,151,205,10,8.15
B Stanlake,7,144,200,6,8.33
N Burger,7,102,145,5,8.53
HF Gurney,7,162,238,8,8.81
Swapnil Singh,7,162,241,14,8.93
AF Milne,7,207,327,10,9.48
GC Viljoen,7,138,222,6,9.65
A Mithun,7,288,472,16,9.83
KM Asif,7,134,230,7,10.3
P Amarnath,7,132,236,6,10.73
Akash Deep,7,164,319,8,11.67
DJ Willey,6,216,272,11,7.56
VS Malik,6,205,261,13,7.64
S Randiv,6,174,223,8,7.69
B Akhil,6,188,242,13,7.72
TL Suman,6,150,197,11,7.88
JE Taylor,6,117,157,5,8.05
S Tyagi,6,209,295,14,8.47
MG Bracewell,6,66,95,5,8.64
S Kaushik,6,204,297,10,8.74
SS Cottrell,6,120,176,6,8.8
C de Grandhomme,6,216,319,19,8.86
Fazalhaq Farooqi,6,152,227,7,8.96
RR Raje,6,139,209,10,9.02
Y Venugopal Rao,6,216,337,20,9.36
Ramandeep Singh,6,40,63,4,9.45
D Pretorius,6,150,238,7,9.52
Jaskaran Singh,6,102,171,7,10.06
V Sehwag,6,136,235,15,10.37
DG Nalkande,6,84,148,6,10.57
OF Smith,6,90,178,6,11.87
Arshad Khan,6,134,280,9,12.54
FH Edwards,5,140,154,6,6.6
PD Collingwood,5,89,101,6,6.81
KMDN Kulasekara,5,102,120,5,7.06
Gurkeerat Singh,5,78,97,6,7.46
Shoaib Akhtar,5,42,54,3,7.71
O Thomas,5,60,79,4,7.9
RV Gomez,5,96,129,9,8.06
SB Wagh,5,102,137,8,8.06
TM Dilshan,5,271,366,25,8.1
AS Roy,5,136,191,9,8.43
A Choudhary,5,101,144,5,8.55
Shoaib Ahmed,5,102,152,7,8.94
HR Shokeen,5,204,314,13,9.24
M de Lange,5,108,169,5,9.39
KL Nagarkoti,5,180,285,11,9.5
S Dube,5,112,180,14,9.64
S Ladda,5,138,224,9,9.74
Akash Singh,5,138,227,7,9.87
AP Dole,5,66,112,3,10.18
R Shukla,5,120,208,7,10.4
RJW Topley,5,102,182,5,10.71
K Khejroliya,5,121,217,7,10.76
S Narwal,5,106,202,6,11.43
DJ Muthuswami,4,84,101,6,7.21
T Stubbs,4,24,29,3,7.25
DP Vijaykumar,4,152,199,9,7.86
D du Preez,4,42,56,2,8.0
WA Mota,4,72,97,7,8.08
Parvez Rasool,4,198,271,11,8.21
S Dhawan,4,48,66,6,8.25
Shivam Sharma,4,114,165,5,8.68
SB Bangar,4,150,219,9,8.76
V Kohli,4,251,368,26,8.8
Azmatullah Omarzai,4,126,186,7,8.86
LE Plunkett,4,150,225,7,9.0
SH Johnson,4,96,151,5,9.44
Yudhvir Singh,4,72,122,5,10.17
R Parag,4,175,307,21,10.53
Y Nagar,4,66,125,8,11.36
R Shepherd,4,126,257,8,12.24
DJ Thornely,3,42,40,4,5.71
JW Hastings,3,58,66,3,6.83
SM Harwood,3,60,73,3,7.3
JM Kemp,3,44,54,5,7.36
AL Menaria,3,110,144,12,7.85
DAJ Bracewell,3,24,32,1,8.0
P Sahu,3,105,146,5,8.34
RJ Peterson,3,48,70,4,8.75
GHS Garton,3,90,135,5,9.0
T Shamsi,3,120,181,5,9.05
Arjun Tendulkar,3,73,114,5,9.37
Sikandar Raza,3,85,140,7,9.88
RS Hangargekar,3,36,60,2,10.0
R Sathish,3,139,232,14,10.01
Gagandeep Singh,3,84,141,4,10.07
JA Richardson,3,90,157,4,10.47
VR Iyer,3,81,143,9,10.59
L Ablish,3,42,75,3,10.71
JJ van der Wath,3,72,129,3,10.75
R Ninan,3,36,65,2,10.83
K Santokie,3,48,90,2,11.25
Nithish Kumar Reddy,3,109,207,9,11.39
Sachin Baby,2,10,8,2,4.8
MJ Clarke,2,66,67,5,6.09
PH Solanki,2,36,38,2,6.33
KA Maharaj,2,36,39,2,6.5
Mohammad Hafeez,2,60,68,4,6.8
C Nanda,2,48,57,3,7.12
RN ten Doeschate,2,78,94,10,7.23
SM Boland,2,42,54,2,7.71
Ankit Soni,2,109,144,6,7.93
GD Phillips,2,30,40,4,8.0
ND Doshi,2,56,79,4,8.46
AK Markram,2,121,172,14,8.53
A Badoni,2,25,36,5,8.64
SC Kuggeleijn,2,48,71,2,8.88
Mayank Dagar,2,137,203,8,8.89
DNT Zoysa,2,66,99,3,9.0
V Kaverappa,2,24,36,1,9.0
FA Allen,2,90,136,4,9.07
AU Rashid,2,60,91,3,9.1
K Yadav,2,54,84,3,9.33
P Suyal,2,96,151,5,9.44
A Flintoff,2,66,105,3,9.55
SD Chitnis,2,36,60,2,10.0
Shoaib Malik,2,51,85,5,10.0
MA Khote,2,30,51,2,10.2
LJ Wright,2,71,124,6,10.48
MJ Henry,2,102,181,6,10.65
D Kalyankrishna,2,48,87,3,10.88
A Uniyal,2,36,66,2,11.0
KJ Abbott,2,96,177,5,11.06
WG Jacks,2,54,100,5,11.11
A Kamboj,2,60,114,3,11.4
TM Head,2,58,113,6,11.69
Abdul Samad,2,54,113,5,12.56
JPR Scantlebury-Searles,2,42,89,3,12.71
AC Gilchrist,1,1,0,1,0.0
NB Singh,1,24,15,2,3.75
AM Rahane,1,6,5,1,5.0
LA Carseldine,1,6,6,1,6.0
SS Mundhe,1,6,6,1,6.0
DJM Short,1,18,19,2,6.33
T Henderson,1,36,40,2,6.67
GH Vihari,1,42,47,6,6.71
GR Napier,1,24,27,1,6.75
BMAJ Mendis,1,30,36,2,7.2
M Siddharth,1,55,70,3,7.64
SS Sarkar,1,25,34,2,8.16
P Dubey,1,66,91,4,8.27
Shashank Singh,1,18,25,3,8.33
PM Sarvesh Kumar,1,30,42,2,8.4
MK Lomror,1,90,127,11,8.47
SSB Magala,1,36,51,2,8.5
CJ McKay,1,42,60,2,8.57
V Viyaskanth,1,60,86,3,8.6
SE Rutherford,1,41,59,6,8.63
SB Joshi,1,55,82,4,8.95
RJ Gleeson,1,47,71,2,9.06
AA Jhunjhunwala,1,85,129,10,9.11
DB Ravi Teja,1,18,28,2,9.33
AJ Finch,1,43,67,5,9.35
IC Porel,1,24,39,1,9.75
D Salunkhe,1,47,78,5,9.96
AA Noffke,1,24,40,1,10.0
AJ Hosein,1,24,40,1,10.0
RG More,1,35,59,2,10.11
GS Sandhu,1,48,82,2,10.25
A Nel,1,18,31,1,10.33
SS Agarwal,1,24,42,1,10.5
LI Meriwala,1,18,32,1,10.67
S Vidyut,1,12,22,1,11.0
LMP Simmons,1,18,34,1,11.33
B Geeves,1,48,91,2,11.38
Y Prithvi Raj,1,30,57,2,11.4
LB Williams,1,37,71,2,11.51
SA Abbott,1,54,104,3,11.56
TP Sudhindra,1,70,136,3,11.66
R Powell,1,18,35,2,11.67
MK Tiwary,1,42,83,6,11.86
DJ Mitchell,1,48,97,4,12.12
CL White,1,42,86,6,12.29
D Jansen,1,24,53,1,13.25
KT Maphaka,1,36,89,2,14.83
L Wood,1,36,93,2,15.5
D Brevis,1,3,8,1,16.0
R Ravindra,0,12,7,2,3.5
M Manhas,0,42,42,3,6.0
MW Short,0,24,25,3,6.25
NJ Rimmington,0,18,19,1,6.33
N Wadhera,0,12,13,1,6.5
S Rana,0,16,18,3,6.75
NL McCullum,0,30,34,2,6.8
JE Root,0,12,14,1,7.0
SS Iyer,0,6,7,1,7.0
Y Gnaneswara Rao,0,6,7,1,7.0
RV Patel,0,18,22,1,7.33
C Munro,0,12,15,2,7.5
M Shahrukh Khan,0,12,15,2,7.5
Tilak Varma,0,22,28,4,7.64
RS Gavaskar,0,6,8,1,8.0
SA Yadav,0,6,8,1,8.0
M Vijay,0,36,49,4,8.17
R Goyal,0,24,33,1,8.25
KR Mayers,0,42,59,6,8.43
AC Voges,0,54,76,7,8.44
K Goel,0,66,93,6,8.45
CJ Green,0,17,24,1,8.47
DJ Harris,0,18,26,2,8.67
AS Raut,0,30,44,5,8.8
Jalaj S Saxena,0,18,27,1,9.0
K Upadhyay,0,54,81,3,9.0
Tejas Baroka,0,21,33,1,9.43
SR Tendulkar,0,36,58,4,9.67
AUK Pathan,0,39,63,3,9.69
FY Fazal,0,12,20,2,10.0
KAJ Roach,0,48,80,2,10.0
Monu Kumar,0,12,20,1,10.0
KS Williamson,0,18,31,2,10.33
AA Kazi,0,12,21,1,10.5
MB Parmar,0,18,33,1,11.0
RA Shaikh,0,6,11,1,11.0
RW Price,0,18,33,1,11.0
CJ Dala,0,18,34,1,11.33
H Sharma,0,30,57,2,11.4
SZ Mulani,0,30,57,2,11.4
Sumit Kumar,0,20,38,2,11.4
R Sanjay Yadav,0,12,23,1,11.5
A Dananjaya,0,24,47,1,11.75
S Joseph,0,24,47,1,11.75
Naman Dhir,0,28,55,3,11.79
VS Yeligati,0,30,59,2,11.8
Arshad Khan (2),0,12,24,1,12.0
BJ Rohrer,0,6,12,1,12.0
DA Warner,0,1,2,1,12.0
Gulbadin Naib,0,6,12,1,12.0
LRPL Taylor,0,12,24,2,12.0
RA Tripathi,0,6,12,1,12.0
RR Bose,0,12,24,1,12.0
Vivrant Sharma,0,18,37,2,12.33
Aman Hakim Khan,0,6,13,1,13.0
C Ganapathy,0,6,13,1,13.0
MJ Suthar,0,12,26,1,13.0
Mandeep Singh,0,12,26,2,13.0
S Midhun,0,12,27,1,13.5
Gurnoor Brar,0,18,42,1,14.0
P Ray Barman,0,24,56,1,14.0
Abdur Razzak,0,12,29,1,14.5
Mashrafe Mortaza,0,24,58,1,14.5
Mohit Rathee,0,12,29,1,14.5
SPD Smith,0,2,5,1,15.0
MG Neser,0,24,62,1,15.5
Sunny Gupta,0,18,47,1,15.67
F du Plessis,0,6,16,1,16.0
S Sriram,0,18,49,2,16.33
NA Saini,0,12,34,1,17.0
CK Kapugedera,0,17,49,3,17.29
RR Bhatkal,0,12,35,1,17.5
P Prasanth,0,6,18,1,18.0
SN Khan,0,2,6,1,18.0
B Chipli,0,6,20,1,20.0
LPC Silva,0,6,21,1,21.0
I Malhotra,0,6,23,1,23.0
Atharva Taide,0,1,4,1,24.0
YBK Jaiswal,0,1,6,1,36.0
